1,Le'Veon Bell
2,Adrian Peterson
3,Jamaal Charles
4,Antonio Brown
5,Eddie Lacy
6,Julio Jones
7,Demaryius Thomas
8,Rob Gronkowski
9,Dez Bryant
10,Odell Beckham Jr.
11,Matt Forte
12,Marshawn Lynch
13,C.J. Anderson
14,A.J. Green
15,Calvin Johnson
16,Randall Cobb
17,Justin Forsett
18,Jeremy Hill
19,DeMarco Murray
20,Alshon Jeffery
21,Mike Evans
22,LeSean McCoy
23,T.Y. Hilton
24,DeAndre Hopkins
25,Lamar Miller
26,Brandin Cooks
27,Andrew Luck
28,Frank Gore
29,Aaron Rodgers
30,Jordan Matthews
31,Emmanuel Sanders
32,Mark Ingram
33,Andre Ellington
34,Julian Edelman
35,C.J. Spiller
36,Andre Johnson
37,Keenan Allen
38,Latavius Murray
39,Melvin Gordon
40,Jonathan Stewart
41,Alfred Morris
42,Jimmy Graham
43,Amari Cooper
44,Brandon Marshall
45,Golden Tate
46,Greg Olsen
47,Allen Robinson
48,Ameer Abdullah
49,Russell Wilson
50,Carlos Hyde
51,Jarvis Landry
52,T.J. Yeldon
53,Travis Kelce
54,Jeremy Maclin
55,Peyton Manning
56,Joseph Randle
57,Drew Brees
58,Davante Adams
59,Sammy Watkins
60,Giovani Bernard
61,Ben Roethlisberger
62,Vincent Jackson
63,DeSean Jackson
64,Martellus Bennett
65,Larry Fitzgerald
66,Todd Gurley
67,Matt Ryan
68,Doug Martin
69,Roddy White
70,Steve Smith
71,Eric Decker
72,Christopher Ivory
73,Tony Romo
74,Anquan Boldin
75,Shane Vereen
76,LeGarrette Blount
77,Rashad Jennings
78,Joique Bell
79,Charles Johnson
80,Nelson Agholor
81,John Brown
82,Mike Wallace
83,Kendall Wright
84,Cam Newton
85,Pierre Garcon
86,Eli Manning
87,Devonta Freeman
88,Jason Witten
89,Jordan Cameron
90,Ryan Tannehill
91,Delanie Walker
92,Arian Foster
93,Tevin Coleman
94,Marques Colston
95,Danny Woodhead
96,Julius Thomas
97,Matthew Stafford
98,Torrey Smith
99,Isaiah Crowell
100,Brandon LaFell
101,Devin Funchess
102,Tom Brady
103,Zach Ertz
104,Reggie Bush
105,Duke Johnson
106,Martavis Bryant
107,Philip Rivers
108,Eddie Royal
109,Bishop Sankey
110,Victor Cruz
111,Tyler Eifert
112,Kyle Rudolph
113,Michael Floyd
114,Ryan Mathews
115,Brian Quick
116,Tre Mason
117,Roy Helu
118,Larry Donnell
119,Austin Seferian-Jenkins
120,Heath Miller
121,Owen Daniels
122,Steve Johnson
123,Sam Bradford
124,Markus Wheaton
125,Dwayne Allen
126,David Cobb
127,Charles Sims
128,Antonio Gates
129,Seattle Seahawks
130,Breshad Perriman
131,David Johnson
132,Jordan Reed
133,Alfred Blue
134,Colin Kaepernick
135,Rueben Randle
136,Teddy Bridgewater
137,Darren McFadden
138,Darren Sproles
139,Charles Clay
140,Buffalo Bills
141,Michael Crabtree
142,Devante Parker
143,St. Louis Rams
144,Kenny Stills
145,Vernon Davis
146,Houston Texans
147,Josh Hill
148,Terrance Williams
149,Joe Flacco
150,Carson Palmer
151,Marvin Jones
152,Knile Davis
153,Ladarius Green
154,Coby Fleener
155,Dwayne Bowe
156,Andre Williams
157,Matt Jones
158,Doug Baldwin
159,Fred Jackson
160,Eric Ebron
161,Jerick McKinnon
162,Jay Cutler
163,Arizona Cardinals
164,Percy Harvin
165,Andy Dalton
166,Jared Cook
167,Denard Robinson
168,Denver Broncos
169,James White
170,Lance Dunbar
171,Richard Rodgers
172,Cody Latimer
173,Terrance West
174,Jay Ajayi
175,New England Patriots
176,Ronnie Hillman
177,Brandon Coleman
178,Cecil Shorts
179,Jace Amaro
180,Kenny Britt
181,Dorial Green-Beckham
182,Malcom Floyd
183,Phillip Dorsett
184,Carolina Panthers
185,Javorius Allen
186,Jameis Winston
187,Jeff Janis
188,Allen Hurns
189,Daniel Herron
190,Chris Polk
191,Khiry Robinson
192,Miami Dolphins
193,Jonas Gray
194,Andrew Hawkins
195,Kevin White
196,Mychal Rivera
197,Marcus Mariota
198,Theo Riddick
199,Montee Ball
200,Benjamin Watson
201,New York Jets
202,Alex Smith
203,DeAngelo Williams
204,Robert Griffin III
205,Green Bay Packers
206,Cameron Artis-Payne
207,Donte Moncrief
208,Ty Montgomery
209,Derek Carr
210,Lorenzo Taliaferro
211,Maxx Williams
212,Stedman Bailey
213,Marqise Lee
214,James Starks
215,Baltimore Ravens
216,Cole Beasley
217,Cincinnati Bengals
218,Blake Bortles
219,Marquess Wilson
220,Rob Housler
221,Leonard Hankerson
222,Danny Amendola
223,Virgil Green
224,Bilal Powell
225,Jerricho Cotchery
226,Brian Hartline
227,Stevan Ridley
228,Damien Williams
229,Greg Jennings
230,Nick Foles
231,Jaelen Strong
232,Ryan Fitzpatrick
233,Philly Brown
234,Jacob Tamme
235,Kansas City Chiefs
236,Chris Johnson
237,Kamar Aiken
238,Mohamed Sanu
239,Tyler Lockett
240,Philadelphia Eagles
241,Antone Smith
242,Trent Richardson
243,Josh Huff
244,Justin Hunter
245,Stephen Gostkowski
246,Benny Cunningham
247,Nick Toon
248,Detroit Lions
249,Robert Woods
250,Reggie Wayne
251,San Francisco 49ers
252,Branden Oliver
253,Jonathan Grimes
254,Geno Smith
255,Harry Douglas
256,Karlos Williams
257,Matt Cassel
258,Adam Vinatieri
259,Kirk Cousins
260,Josh McCown
261,Steven Hauschka
262,Mark Sanchez
263,E.J. Manuel
264,De'Anthony Thomas
265,Mason Crosby
266,Dexter McCluster
267,Cody Parkey
268,Connor Barth
269,Justin Tucker
270,Brian Hoyer
271,Dan Bailey
272,Albert Wilson
273,Travaris Cadet
274,Matt Bryant
275,Blair Walsh
276,Jeremy Langford
277,Jacquizz Rodgers
278,Brandon Bolden
279,Darren Fells
280,Rod Streater
281,Nate Washington
282,Indianapolis Colts
283,Taylor Gabriel
284,Garrett Graham
285,Clive Walford
286,Toby Gerhart
287,Pierre Thomas
288,Scott Chandler
289,Jeremy Kerley
290,Cleveland Browns
291,Jarius Wright
292,Aaron Dobson
293,Minnesota Vikings
294,Pittsburgh Steelers
295,Jermaine Kearse
296,Dallas Cowboys
297,New York Giants
298,San Diego Chargers
299,Jacksonville Jaguars
300,Juwan Thompson
301,Tampa Bay Buccaneers
302,Tennessee Titans
303,Josh Robinson
304,Devin Smith
305,Atlanta Falcons
306,Chicago Bears
307,Hakeem Nicks
308,Tavon Austin
309,Lance Kendricks
310,Zac Stacy
311,Riley Cooper
312,Tim Wright
313,Garrett Hartley
314,Chris Conley
315,Matt Prater
316,Chandler Catanzaro
317,Nick Novak
318,Brent Celek
319,Phil Dawson
320,Dan Carpenter
321,Andre Roberts
322,Caleb Sturgis
323,Dustin Hopkins
324,Cordarrelle Patterson
325,Graham Gano
326,Randy Bullock
327,Josh Brown
328,Mike Nugent
329,Andre Holmes
330,Greg Zuerlein
331,Tyrod Taylor
332,Andrew Quarless
333,Cairo Santos
334,Jermaine Gresham
335,Matt Asiata
336,Christine Michael
337,Robert Turbin
338,Crockett Gillmore
339,Johnny Manziel
340,Sammie Coates
341,Jimmy Garoppolo
342,Mike Tolbert
343,Charcandrick West
344,Ryan Mallett
345,Ka'Deem Carey
346,Justin Hardy
